棠德花园望中低层南向三房 望大花园位置安静 景观好,棠德花苑,棠下,3室1厅 ,72.98, 东南 , 精装 ,11, 1997年 , 塔楼,1,22,2480000.0,"33,982元/平",VR房源 房本满五年 随时看房 
美力盈彩 东南向望花园 近公园 拎包入住,美力盈彩花苑,旧区,3室2厅 ,132.17, 东南 , 精装 ,20, 2011年 , 塔楼,0,25,2018000.0,"15,269元/平",VR看装修 房本满五年 随时看房 
环境好 南向两房 带露台 采光好,华文学院,粤垦,2室1厅 ,73.64, 南 , 简装 ,9, 1999年 , 塔楼,1,24,2390000.0,"32,456元/平",VR房源 房本满五年 随时看房 
广州富力城北区  高层视野好 南北对流,富力城北区,夏茅,3室1厅 ,93.26, 北 , 精装 ,18, 2009年 , 塔楼,1,24,2350000.0,"25,199元/平",VR房源 房本满五年 随时看房 
阳光城熙然府 全新未住 南北对流大三房 单边位双阳台,阳光城熙然府,进港大道,3室2厅 ,105.5, 东南 , 精装 ,33, 2018年 , 塔楼,2,24,2150000.0,"20,380元/平",VR看装修 房本满五年 随时看房 
丽和华庭 稀有小户型两房  通风采光视野好,丽和华庭,芳村,2室1厅 ,63.9, 东南 , 简装 ,14, 2011年 , 塔楼,0,19,2480000.0,"38,811元/平",近地铁 VR房源 房本满两年 随时看房 
黄埔区 珠江嘉园，南北对流大三房有钥匙 随时可看,珠江嘉园,黄埔永和,3室2厅 ,101.83, 南 , 精装 ,32, 2017年 , 塔楼,5,25,1700000.0,"16,695元/平",VR看装修 房本满五年 随时看房 
区府旁叠翠峰 3房 精装保养好 有钥匙看房,叠翠峰,南沙区府,3室2厅 ,85.38, 东北 , 精装 ,26, 2018年 , 塔楼,0,22,2000000.0,"23,425元/平",近地铁 VR看装修 房本满两年 随时看房 
业主急精装4房户型方正中低层楼位东南对流入户大平台,时代城,铁路西,4室2厅 ,119.16, 东南 南 , 其他 ,28, 2010年 , 塔楼,1,22,1990000.0,"16,701元/平",VR房源 房本满五年 随时看房 
新世界凯粤湾 高层三房 视野开阔 安静舒适,新世界凯粤湾,滘口,3室2厅 ,91.85, 东北 , 精装 ,33, 2012年 , 塔楼,1,22,3920000.0,"42,679元/平",近地铁 VR房源 房本满两年 随时看房 
【总监推荐】悦然府 改善大四房 东南向 视野好 采光好,阳光城悦然府,进港大道,4室1厅 ,126.06, 南 , 精装 ,33, 2019年 , 塔楼,3, 1个月以前发布,2590000.0,"20,546元/平",VR房源 房本满两年 随时看房 
帝景苑 4室2厅 西南,帝景苑,龙口西,4室2厅 ,170.19, 西南 , 其他 ,32, 2000年 , 板塔结合,1, 1个月以前发布,13000000.0,"76,386元/平",近地铁 VR房源 房本满两年 随时看房 
敏捷科创中心 3室1厅 北,敏捷科创中心,太和,3室1厅 ,70.9, 北 , 简装 ,20, 2016年 , 塔楼,3, 1个月以前发布,648000.0,"9,140元/平",房本满五年 随时看房 
顶层复式带大露天，南向看湖看海，随时方便看房,碧桂园天玺湾,进港大道,4室2厅 ,193.08, 南 , 精装 ,18, 2014年 , 板塔结合,0, 1个月以前发布,4480000.0,"23,203元/平",VR房源 房本满五年 随时看房 
红棉苑 电梯带四房带主套 双阳台 通风采光好,红棉苑北区,芳村,4室2厅 ,116.38, 西北 东北 , 简装 ,9, 2000年 , 塔楼,1, 1个月以前发布,3500000.0,"30,074元/平",近地铁 VR房源 房本满五年 随时看房 
9号线汽车城站  南北对流，拎包入住 中高层 3房,万科天景花园,铁路西,3室1厅 ,95.73, 南 北 , 精装 ,23, 2009年 , 塔楼,3,25,1190000.0,"12,431元/平",近地铁 VR房源 房本满五年 随时看房 
满五年  中高楼层  方正少有南向三房,海伦堡花园,沙村,3室2厅 ,94.86, 南 , 精装 ,18, 2012年 , 塔楼,1,31,1400000.0,"14,759元/平",VR房源 房本满五年 随时看房 
天马丽苑二期 2室1厅 南,天马丽苑二期,铁路西,2室1厅 ,67.0, 南 , 精装 ,34, 2007年 , 塔楼,2,29,990000.0,"14,777元/平",VR房源 房本满两年 随时看房 
朗逸居，格局方正，采光通风好，配套完善，近地铁。。,朗逸居,旧区,3室1厅 ,103.97, 南 , 简装 ,9, 1999年 , 板楼,0,31,1000000.0,"9,619元/平",近地铁 VR房源 房本满五年 随时看房 
天誉东向中高层三居，视野开阔采光通风好,亚运城天誉,亚运城,3室2厅 ,103.74, 东 东北 , 精装 ,55, 2013年 , 塔楼,1,27,2390000.0,"23,039元/平",VR房源 房本满五年 随时看房 
保利I立方南向边位复式4房两卫中楼层无遮挡视野好,保利i立方,永宁,4室2厅 ,95.62, 南 , 精装 ,17, 2018年 , 塔楼,1,22,1330000.0,"13,910元/平",VR房源 房本满两年 随时看房 
此房是一梯两户 南北对流 大阳台，低密度，管理好。,锦尚名苑,新区,4室2厅 ,142.6, 南 , 简装 ,6, 2005年 , 板楼,2,29,2100000.0,"14,727元/平",近地铁 VR房源 房本满五年 随时看房 
景观开阔 江景大平层南北对流 户型没有改动过,珊瑚湾畔,厦滘,4室2厅 ,191.13, 南 北 , 精装 ,32, 2005年 , 塔楼,1,26,7200000.0,"37,671元/平",VR看装修 房本满五年 随时看房 
保利罗兰安静楼栋 视野开阔无遮挡 采光好,保利罗兰国际,科学城,3室1厅 ,101.6, 南 , 简装 ,33, 2016年 , 塔楼,2, 1个月以前发布,4200000.0,"41,339元/平",VR看装修 房本满两年 随时看房 
满5唯一 南北对流户型 装修好 随时看房,敏捷锦绣天伦,新塘北,3室2厅 ,119.42, 南 北 , 精装 ,32, 2015年 , 塔楼,0,28,1930000.0,"16,162元/平",VR看装修 房本满五年 随时看房 
广州北站地铁口，大社区南北对流大三房.,时代城,铁路西,3室2厅 ,116.14, 南 , 毛坯 ,25, 2010年 , 塔楼,0,29,1785000.0,"15,370元/平",VR看装修 房本满五年 随时看房 
单边大户型，格局方正，南北对流，保养新,时代春树里,香雪,4室1厅 ,113.09, 南 , 精装 ,34, 2017年 , 塔楼,6, 1个月以前发布,3020000.0,"26,705元/平",VR看装修 房本满五年 随时看房 
带70平方大露.台保养好，房子新,富雅名居,新塘北,3室1厅 ,121.93, 东南 南 北 , 精装 ,9, 2005年 , 塔楼,0, 1个月以前发布,1350000.0,"11,072元/平",VR房源 房本满五年 随时看房 
全新三房 高楼层 无遮挡 采光充足,实地蔷薇国际,荔城西区,3室2厅 ,86.02, 北 , 精装 ,32, 2019年 , 板楼,0, 1个月以前发布,1000000.0,"11,626元/平",VR看装修 房本满两年 随时看房 
力诚凯怡湾二期 南北对流三房 业主保养好,力诚凯怡湾,新塘南,3室1厅 ,89.94, 南 北 , 精装 ,18, 2019年 , 塔楼,1, 1个月以前发布,1200000.0,"13,343元/平",VR看装修 房本满两年 随时看房 
三房急卖  看房方便  各付各税  通风采光好,佳兆业城市广场,南岗,3室2厅 ,81.03, 北 , 精装 ,32, 2017年 , 塔楼,3, 1个月以前发布,1950000.0,"24,066元/平",VR看装修 房本满两年 随时看房 
佳兆业城市广场 4室2厅 南 北,佳兆业城市广场,南岗,4室2厅 ,132.0, 南 北 , 毛坯 ,32, 2017年 , 塔楼,0, 1个月以前发布,3880000.0,"29,394元/平",VR房源 房本满两年 随时看房 
花城苑，格居方正，采光充足，配套设施齐全，交通方便,花城苑,旧区,3室2厅 ,93.77, 南 , 精装 ,8, 2004年 , 塔楼,0, 1个月以前发布,980000.0,"10,452元/平",近地铁 VR看装修 房本满两年 随时看房 
罗兰大四房 南北对流 安静 中楼层 精装修 业主诚心,保利罗兰国际,科学城,4室2厅 ,172.87, 南 北 , 精装 ,34, 2013年 , 塔楼,2, 1个月以前发布,7950000.0,"45,989元/平",VR看装修 房本满两年 随时看房 
鑫隆世家精装三房，高层南向视野采光好,鑫隆世家,石楼,3室2厅 ,97.8, 南 , 精装 ,15, 2012年 , 塔楼,0, 1个月以前发布,1880000.0,"19,223元/平",VR看装修 房本满五年 随时看房 
佳兆业精装三房，南向保养好有衣帽间，诚心卖,佳兆业城市广场,南岗,3室2厅 ,83.85, 东南 , 精装 ,32, 2017年 , 塔楼,3, 1个月以前发布,2060000.0,"24,568元/平",VR房源 房本满两年 随时看房 
挪威森林位置好，格局方正实用，通风透气，南向望山,广州雅居乐花园雅逸庭,雅居乐,3室2厅 ,140.0, 西南 , 精装 ,19, 2008年 , 塔楼,6, 1个月以前发布,4500000.0,"32,143元/平",近地铁 VR房源 房本满五年 随时看房 
汇东国际花园南向大二房，红本在手，诚意放卖,汇东国际花园,白江,2室1厅 ,87.14, 南 , 毛坯 ,28, 2016年 , 塔楼,1, 1个月以前发布,1200000.0,"13,771元/平",VR房源 房本满两年 随时看房 
小区独栋，中间楼层，望园林，视野开阔,万科东荟城,香雪,3室1厅 ,97.41, 西南 , 精装 ,33, 2015年 , 塔楼,4, 1个月以前发布,3350000.0,"34,391元/平",VR房源 房本满五年 随时看房 
东怡新区 东雅园 电梯3房 格局方正,东怡新区东雅园,东怡新区,3室2厅 ,100.87, 南 , 简装 ,12, 2003年 , 塔楼,3, 1个月以前发布,2250000.0,"22,306元/平",VR房源 房本满五年 随时看房 
康裕园东区，已加装电梯并使用中，格局方正,康裕园,市桥,3室2厅 ,123.3, 南 北 , 简装 ,7, 1993年 , 塔楼,2, 1个月以前发布,2580000.0,"20,925元/平",VR看装修 房本满两年 随时看房 
锦绣半岛金月湾 3室2厅 东南,锦绣半岛金月湾,南浦,3室2厅 ,129.16, 东南 , 精装 ,23, 2016年 , 塔楼,6, 1个月以前发布,3700000.0,"28,647元/平",VR房源 房本满五年 随时看房 
华筑翡翠湾 精装三房 采光好 通风好 东南朝向 电梯房,华筑翡翠湾,大石,3室1厅 ,89.35, 南 , 精装 ,32, 2018年 , 塔楼,1, 1个月以前发布,3120000.0,"34,919元/平",VR看装修 房本满两年 随时看房 
豪进山湖精装大三房  南北对流  业主急卖 装修保养好,豪进山湖珺璟,白江,3室2厅 ,123.35, 南 北 , 精装 ,20, 2011年 , 塔楼,2, 1个月以前发布,2260000.0,"18,322元/平",VR看装修 房本满两年 随时看房 
中间楼层，视野开阔，采光充足，出行方便,时代春树里,香雪,3室2厅 ,80.54, 东北 , 精装 ,18, 2016年 , 塔楼,5, 1个月以前发布,2270000.0,"28,185元/平",VR看装修 房本满五年 随时看房 
南浦海滨花园 临.近地铁口 低密度 户型方正,南浦海滨花园,南浦,3室2厅 ,102.23, 北 , 精装 ,6, 2002年 , 塔楼,6, 1个月以前发布,2180000.0,"21,325元/平",近地铁 VR看装修 房本满五年 随时看房 
业主诚心卖房，看房方便，花园小区,创逸雅苑,龙口东,2室1厅 ,95.78, 北 , 精装 ,35, 2009年 , 板塔结合,4,31,7800000.0,"81,437元/平",近地铁 VR房源 房本满五年 随时看房 
碧桂园天玺湾南向全新未住小三房适合刚需年轻人,碧桂园天玺湾,进港大道,3室2厅 ,89.33, 东南 , 精装 ,31, 2014年 , 板塔结合,4,28,1680000.0,"18,807元/平",VR房源 房本满五年 随时看房 
海晴居三房南向一楼大花园，方正实用采光好。,祈福新村海晴居,祈福新村,3室1厅 ,74.2, 南 , 精装 ,6, 2003年 , 板楼,2,28,2400000.0,"32,346元/平",VR房源 房本满五年 随时看房 
海伦堡花园 三房两卫 南向 通风采光好 配套齐全,海伦堡花园,沙村,3室1厅 ,94.95, 东南 , 精装 ,18, 2012年 , 塔楼,1,23,1380000.0,"14,534元/平",VR看装修 房本满五年 随时看房 
山水城  104方   东南向  精装修  过5且唯一,珠光御景山水城,江浦街,3室2厅 ,104.57, 东南 , 精装 ,24, 2015年 , 塔楼,1,26,980000.0,"9,372元/平",VR看装修 房本满五年 随时看房 
新都城市花园 3室2厅 东,新都城市花园,新区,3室2厅 ,116.5, 东 , 精装 ,9, 2005年 , 塔楼,1,27,2050000.0,"17,597元/平",近地铁 VR看装修 房本满五年 随时看房 
保养好 中低层 朝南 近小区大门口,锦绣趣园,钟村,3室2厅 ,95.95, 西南 , 精装 ,6, 2005年 , 塔楼,0,21,2280000.0,"23,763元/平",VR看装修 房本满五年 
南向中高层两房 精装保养好 随时可过户,中森茗苑,新塘北,2室2厅 ,70.55, 南 , 精装 ,17, 2016年 , 塔楼,4,19,1020000.0,"14,458元/平",VR房源 房本满五年 随时看房 
鸿禧华庭一期  邻近地铁 南北对流  精装修 可拎包入住,鸿禧华庭,市桥,3室2厅 ,133.91, 西南 , 精装 ,17, 2004年 , 塔楼,0,20,5300000.0,"39,579元/平",近地铁 VR看装修 房本满两年 
视野好 保养新 采光充足 业主急卖,丽江花园九如通津,南浦,3室2厅 ,105.5, 西南 , 精装 ,11, 2000年 , 塔楼,0,24,3150000.0,"29,858元/平",VR房源 房本满两年 
采光通风好，全屋品牌定制，自住保养好,亚运城天成,亚运城,3室2厅 ,99.05, 南 , 精装 ,55, 2019年 , 塔楼,2,21,2720000.0,"27,461元/平",VR看装修 房本满两年 随时看房 
江南新村 近地铁 近前门  精装修  可拎包入住,江南新村,市桥北,3室2厅 ,73.89, 西南 , 精装 ,7, 1998年 , 塔楼,1,22,1300000.0,"17,594元/平",近地铁 VR看装修 房本满五年 
户型方正 南向中层看花园位置安静 满五年税费少,汇美体育花园,新塘北,3室2厅 ,124.51, 南 北 , 精装 ,23, 2006年 , 塔楼,0,24,1480000.0,"11,887元/平",VR房源 房本满五年 
祈福新村B区大别墅  靓装 过五无抵押,祈福新村B区,祈福新村,6室2厅 ,197.91, 北 , 精装 ,1, 1995年 , 暂无数据,4, 1个月以前发布,8800000.0,"44,465元/平",VR房源 房本满五年 
环市东商圈 青菜东街电梯大三房双阳台,先烈南路青菜东街,建设路,3室2厅 ,92.58, 东南 , 简装 ,8, 1990年 , 塔楼,1, 1个月以前发布,4450000.0,"48,067元/平",近地铁 VR看装修 房本满五年 
南沙珠江湾看海，满五唯一，户型房正，产权清晰,南沙珠江湾,南沙湾,3室2厅 ,137.46, 南 北 , 其他 ,18, 2012年 , 板塔结合,2,30,2150000.0,"15,641元/平",VR房源 房本满五年 随时看房 
新康花园 3室2厅 南,新康花园,白江,3室2厅 ,132.32, 南 , 精装 ,7, 2005年 , 塔楼,1,26,1450000.0,"10,959元/平",VR房源 房本满五年 
翠屏品质小区 高层南向4房 楼龄新,翠屏中惠雅苑,宝岗,4室2厅 ,135.68, 南 , 精装 ,33, 2009年 , 塔楼,0,28,7600000.0,"56,015元/平",VR房源 房本满五年 
房子是办公 适合出租 过2年 产权50年，低层方便上落,中贸国际,新塘北,3室1厅 ,109.0, 东南 , 精装 ,13, 2016年 , 塔楼,1, 1个月以前发布,580000.0,"5,322元/平",房本满五年 随时看房 
金泽豪庭 高层南北对流大三房 望花园安静不吵,金泽豪庭一期,白江,3室2厅 ,114.94, 南 北 , 精装 ,27, 2009年 , 塔楼,5, 1个月以前发布,1800000.0,"15,661元/平",近地铁 VR看装修 房本满五年 随时看房 
中怡城市花园 西南向三房 安静望小区园林 看房方便,中怡城市花园,林和,3室2厅 ,108.98, 西南 , 其他 ,32, 2004年 , 板塔结合,3, 1个月以前发布,11600000.0,"106,442元/平",近地铁 VR房源 房本满五年 
满5年省税，户型方正实用，采光通风好，单边位的好房,信成小区,体育中心,3室1厅 ,89.45, 东 南 北 , 简装 ,8, 1995年 , 塔楼,0, 6个月以前发布,5500000.0,"61,487元/平",近地铁 VR看装修 房本满五年 随时看房 
富力桃园小户型两房 视野开阔无遮挡 低总jia 高享受,富力桃园,罗冲围,2室1厅 ,71.64, 东北 , 精装 ,16, 2004年 , 塔楼,14, 5个月以前发布,2150000.0,"30,012元/平",VR房源 房本满五年 随时看房 
原装电梯 封闭式管理 精装4房2厅2位 东南向 双阳台,心谊交警宿舍,机场路,4室2厅 ,112.84, 东南 , 精装 ,15, 1997年 , 塔楼,2,22,3270000.0,"28,980元/平",VR看装修 房本满五年 随时看房 
南北对流，前后望小区花园，中间位置的中间楼层，安静,佳兆业城市广场,南岗,4室2厅 ,130.76, 南 北 , 精装 ,32, 2020年 , 塔楼,1,22,3800000.0,"29,061元/平",VR房源 房本满两年 随时看房 
精致4房带主套  装修新净 望花园,锦绣香江花园第8期,汉溪长隆,4室1厅 ,139.34, 南 , 精装 ,17, 2004年 , 板楼,3,27,7800000.0,"55,979元/平",VR房源 房本满五年 随时看房 
南向  采  光好，大  花   园,恒大山水城,中新镇,5室1厅 ,152.7, 南 , 精装 ,3, 2008年 , 板塔结合,1,19,3650000.0,"23,904元/平",VR房源 房本满五年 随时看房 
龙光南向望别墅三房，安静视野开阔,龙光峰景华庭,科学城,3室1厅 ,92.27, 东南 , 精装 ,18, 2009年 , 塔楼,4,21,2860000.0,"30,996元/平",VR房源 房本满五年 随时看房 
祈福新村湖景居 一楼前后73方大花园 南向少有,祈福新村湖景居,祈福新村,4室2厅 ,102.0, 南 , 简装 ,4, 1998年 , 板楼,5,24,3200000.0,"31,373元/平",VR房源 房本满五年 随时看房 
名门大厦，全新精装修，高层，采光好！,名门大厦,珠江新城西,4室3厅 ,252.06, 西 北 , 其他 ,33, 1997年 , 塔楼,2,31,14800000.0,"58,717元/平",VR房源 房本满五年 随时看房 
富丽家园乳芳园 2室2厅 南 西,富丽家园乳芳园,大石,2室2厅 ,74.7, 南 西 , 简装 ,8, 1995年 , 塔楼,0, 7个月以前发布,1250000.0,"16,734元/平",VR看装修 房本满五年 随时看房 
瑞安创逸精装四房 香港设计 3.3米层高 花园带露天泳池,创逸雅苑,龙口东,4室1厅 ,169.11, 南 北 , 精装 ,35, 2012年 , 板塔结合,5,24,13980000.0,"82,669元/平",近地铁 VR房源 房本满五年 
楼龄新 厅出阳台，另带优质车位，过五年唯一税费少,创逸雅苑,龙口东,4室2厅 ,150.98, 北 , 精装 ,35, 2009年 , 板塔结合,2,24,12980000.0,"85,972元/平",近地铁 VR看装修 房本满五年 
黄埔仓，上下复式，装修保养好，户型实用,黄埔万科中心,文冲,3室2厅 ,66.05, 南 北 , 精装 ,22, 2016年 , 塔楼,2,22,970000.0,"14,686元/平",近地铁 房本满五年 
金融城西区 5号大院电梯房 采光好 刚需房源 配套成熟,员村四横路5号大院,员村,2室1厅 ,61.43, 东南 , 简装 ,9, 1991年 , 塔楼,2,23,2400000.0,"39,069元/平",近地铁 VR房源 房本满五年 随时看房 
丹桂园 3室2厅 南,丹桂园,市桥,3室2厅 ,116.1, 南 , 简装 ,7, 2003年 , 板楼,1,24,1680000.0,"14,471元/平",近地铁 VR看装修 房本满两年 随时看房 
碧桂园天玺高层海景三房诚意放盘,碧桂园天玺湾,进港大道,3室1厅 ,93.07, 南 , 精装 ,30, 2014年 , 板塔结合,0,22,1880000.0,"20,200元/平",VR房源 房本满五年 随时看房 
精装修 拎包入住 南北对流采光通透 居住舒适 诚意出手,雅居乐富春山居,科学城,5室2厅 ,198.31, 东南 , 精装 ,25, 2016年 , 塔楼,3,23,8800000.0,"44,375元/平",近地铁 VR看装修 房本满两年 随时看房 
天马丽苑东南向精致三房满五唯一，包家私电,天马丽苑二期,铁路西,3室2厅 ,96.23, 东南 , 精装 ,33, 2007年 , 塔楼,0,24,1320000.0,"13,718元/平",VR看装修 房本满五年 随时看房 
看小区园林 格局方正实用 通风采光好 刚需上车,美心翠拥华庭一期,番禺客运站,3室2厅 ,86.86, 北 , 简装 ,6, 2004年 , 塔楼,2,24,1760000.0,"20,263元/平",VR房源 房本满五年 随时看房 
临江物业 原装电梯中高层视野开阔采光好,海运小区,五羊新城,2室1厅 ,74.55, 南 西 , 简装 ,23, 1996年 , 塔楼,0, 1个月以前发布,4300000.0,"57,680元/平",VR房源 房本满五年 随时看房 
佳兆业城市广场 三房两卫户型 业主有心卖 jia格可谈,佳兆业城市广场,南岗,3室2厅 ,83.91, 北 , 精装 ,32, 2017年 , 塔楼,5, 1个月以前发布,1930000.0,"23,001元/平",VR看装修 房本满两年 随时看房 
此房格局方正   户型实用 空间大,珠光御景山水城,江浦街,4室2厅 ,104.26, 北 , 精装 ,31, 2018年 , 塔楼,1, 3个月以前发布,980000.0,"9,400元/平",VR看装修 房本满两年 随时看房 
雅湖居联排别墅 过五年唯一省税 南北对流 带前后花园,雅居乐花园雅湖居,雅居乐,5室2厅 ,191.8, 南 北 , 精装 ,1, 2010年 , 塔楼,5, 2个月以前发布,10500000.0,"54,745元/平",VR房源 房本满五年 随时看房 
户型方正，动静分明，配套设施齐全，交通便利,雅居乐富春山居,科学城,4室2厅 ,198.72, 南 , 精装 ,25, 2016年 , 塔楼,7, 2个月以前发布,8700000.0,"43,781元/平",近地铁 VR看装修 房本满两年 随时看房 
东方名都 复式四房 带装修  视野开阔,东方名都花园,白江,4室2厅 ,141.15, 西南 , 精装 ,29, 2013年 , 塔楼,31, 一年前发布,2600000.0,"18,421元/平",近地铁 VR房源 房本满五年 随时看房 
南北对流大四房，户型方正，视野开阔，通风采光好,合汇·中央广场,荔城中区,4室2厅 ,140.46, 南 , 毛坯 ,37, 2017年 , 塔楼,24, 一年前发布,2540000.0,"18,084元/平",近地铁 VR看装修 房本满两年 随时看房 
金地香山湖大四房，南北对流，视野采光好,金地香山湖,永宁,4室2厅 ,137.89, 南 , 毛坯 ,33, 2019年 , 塔楼,2, 一年前发布,1300000.0,"9,428元/平",VR看装修 房本满两年 随时看房 
东方名都  全新未住4房  西南向 望花园,东方名都花园,白江,4室1厅 ,145.2, 东南 , 精装 ,29, 2013年 , 塔楼,2, 8个月以前发布,2880000.0,"19,835元/平",近地铁 VR房源 房本满五年 随时看房 
汇东国际：南北对流，隔局方正，证满五年。,汇东国际花园,白江,3室2厅 ,131.38, 东南 , 精装 ,28, 2012年 , 塔楼,3, 一年前发布,1960000.0,"14,919元/平",VR看装修 房本满五年 随时看房 
公园上城坐北朝南连排别墅 大5房,金地荔湖城公园上城,永宁,5室2厅 ,184.83, 南 , 毛坯 ,3, 2014年 , 暂无数据,8, 8个月以前发布,3480000.0,"18,829元/平",VR房源 房本满五年 随时看房 
满五年南向看花园四房，户型方正，中间楼栋带大平台,金泽豪庭一期,白江,4室2厅 ,146.2, 南 北 , 精装 ,27, 2013年 , 塔楼,9, 9个月以前发布,2350000.0,"16,074元/平",近地铁 VR看装修 房本满五年 随时看房 
此房楼龄新，全新未入住，业主诚意出,佳兆业城市广场,南岗,4室2厅 ,99.35, 北 , 精装 ,38, 2020年 , 塔楼,14, 10个月以前发布,2880000.0,"28,989元/平",VR房源 房本满两年 随时看房 
高楼层视野好，满五年，有钥匙看房方便，近地铁,碧桂园豪进广场,白江,3室2厅 ,116.53, 东南 北 , 毛坯 ,31, 2016年 , 塔楼,6, 一年前发布,2050000.0,"17,593元/平",近地铁 VR看装修 房本满五年 随时看房 
全新没住过，户型实用 看房方便,保利i立方,永宁,4室2厅 ,97.72, 南 北 , 精装 ,17, 2019年 , 塔楼,5, 一年前发布,1280000.0,"13,099元/平",VR房源 房本满两年 随时看房 
枫丹雅筑 2室1厅 南,枫丹雅筑,龙口西,2室1厅 ,54.58, 南 , 其他 ,31, 2004年 , 板塔结合,0,20,3920000.0,"71,822元/平",近地铁 VR房源 房本满五年 随时看房 
锦绣御景国际四期 2室2厅 东北,锦绣御景国际四期,荔城西区,2室2厅 ,76.8, 东北 , 精装 ,32, 2015年 , 塔楼,0,18,990000.0,"12,891元/平",VR房源 房本满五年 随时看房 
住的少精装修大3房，包全屋家私电,增城一品山湖,荔城增江,3室2厅 ,103.55, 南 , 精装 ,11, 2019年 , 塔楼,1,24,990000.0,"9,561元/平",VR房源 房本满两年 
临地铁电梯精装3房，户型方正实用，高层通风采光佳,景泰新村,景泰,3室1厅 ,64.93, 东南 西 , 精装 ,8, 1990年 , 塔楼,0,19,1850000.0,"28,493元/平",VR看装修 房本满两年 
电梯平层南向望人工湖小公园旁边 视野开阔  安静舒适,中山大学宿舍,中大,4室2厅 ,103.03, 东南 , 精装 ,5, 1993年 , 板楼,1,25,9500000.0,"92,207元/平",近地铁 VR房源 房本满五年 
高层 安静不吵 原装电梯 配套齐全 视野开阔,河源大厦,林和,2室1厅 ,80.61, 北 , 简装 ,16, 1998年 , 板塔结合,0,25,3200000.0,"39,698元/平",近地铁 VR房源 房本满五年 
丽水湾 高层看江三房 新装修 拎包入住 割爱,富丽家园丽水湾,大石,3室1厅 ,107.18, 北 , 其他 ,11, 1995年 , 板塔结合,3,24,3550000.0,"33,122元/平",VR房源 房本满两年 
户型方正，采光通风好业主诚心卖，产权清晰，交易清晰,龙湖首开天宸原著,黄村,3室2厅 ,97.36, 南 , 精装 ,27, 2016年 , 板塔结合,2,20,6500000.0,"66,763元/平",VR看装修 房本满五年 
天河 橡树园小区 原装电梯 南向 户型方正两房 好楼层,橡树园,沙太南,2室1厅 ,70.16, 南 , 精装 ,9, 2006年 , 塔楼,1,24,2590000.0,"36,916元/平",VR看装修 房本满两年 
穗龙花园 原装电梯 精装修 拧包入住 采光通风好,穗龙花园,宝岗,3室2厅 ,96.33, 南 , 精装 ,12, 2000年 , 塔楼,2,23,3830000.0,"39,760元/平",近地铁 VR看装修 房本满两年 随时看房 
豪利花园 3室2厅 西南,豪利花园,镜湖大道,3室2厅 ,90.54, 西南 , 其他 ,16, 2014年 , 塔楼,1,24,1630000.0,"18,004元/平",VR看装修 房本满五年 
急卖必看 无水井  保养好 楼层视野开阔 近地铁,尚东阳光,沙村,3室2厅 ,108.84, 北 , 精装 ,25, 2017年 , 塔楼,2,23,1750000.0,"16,079元/平",VR看装修 房本满两年 
急出，碧桂园，中间楼层，保养不错,南沙碧桂园,金洲,3室2厅 ,108.97, 北 , 精装 ,12, 2007年 , 板塔结合,1,23,1498000.0,"13,747元/平",VR看装修 房本满五年 
时代玫瑰园三期 单边 chao大阳台16.8方 保养好,时代玫瑰园,黄边,3室2厅 ,115.4, 西南 , 精装 ,18, 2008年 , 塔楼,4,22,4500000.0,"38,995元/平",VR看装修 房本满五年 
视野景观好，楼层采光好，交通便利,阳光城悦然府,进港大道,3室2厅 ,87.15, 北 东北 , 精装 ,33, 2020年 , 塔楼,0,22,1650000.0,"18,933元/平",VR看装修 房本满两年 
金融城优质三房 南北对流 采光透风好,盈彩美居,东圃,3室2厅 ,89.63, 南 北 , 精装 ,18, 2003年 , 塔楼,3,21,4990000.0,"55,674元/平",VR看装修 房本满五年 
保利壹号公馆 3室2厅 东 东南,保利壹号公馆,增城区府,3室2厅 ,104.96, 东 东南 , 精装 ,13, 2010年 , 板塔结合,0,26,1350000.0,"12,863元/平",VR看装修 房本满两年 随时看房 
紫泉流溪湾  低密度组团 居住舒适,紫泉流溪湾,太平镇,2室1厅 ,82.62, 东南 , 精装 ,17, 2018年 , 板楼,2,25,790000.0,"9,562元/平",VR房源 房本满两年 随时看房 
此房是金碧御水山庄温馨3房，岺包入住，精装修。,金碧御水山庄,狮岭镇,3室1厅 ,74.0, 东 , 精装 ,6, 2009年 , 塔楼,2, 1个月以前发布,550000.0,"7,433元/平",VR房源 房本满五年 随时看房 
步行地铁500米 小高层次新房  实用2房 采光好,保利红馆,汉溪长隆,2室1厅 ,57.1, 西南 西 , 简装 ,18, 2015年 , 板塔结合,6,28,2610000.0,"45,710元/平",近地铁 VR房源 房本满两年 随时看房 
雅宝新城 4室2厅 南,雅宝新城,秀全街,4室2厅 ,148.78, 南 , 精装 ,28, 2012年 , 塔楼,0,26,2150000.0,"14,451元/平",VR看装修 房本满五年 随时看房 
（笋！）近缤纷汇商圈，翠怡居中层大三房，单边靓位,祈福新村翠怡居,祈福新村,3室2厅 ,92.38, 北 , 精装 ,5, 2000年 , 板楼,1,26,1900000.0,"20,568元/平",VR房源 房本满五年 随时看房 
店长推荐 华侨城 电梯精装三房 拧包入住 满五唯一省税,华侨城(番禺),市桥,3室2厅 ,65.6, 南 , 精装 ,8, 1996年 , 塔楼,4,29,1230000.0,"18,750元/平",VR看装修 房本满五年 随时看房 
电梯中楼层 南向三房带主套 安静不吵 双地铁口物业,悦涛雅苑,黄埔区府,3室2厅 ,96.24, 南 , 精装 ,13, 2000年 , 塔楼,8,27,3080000.0,"32,004元/平",近地铁 VR看装修 房本满两年 随时看房 
周门街南向实用大三房有加装电梯位置户型方正可间主套,周门小区周门街,周门,3室1厅 ,83.04, 南 , 精装 ,9, 1998年 , 平房,0, 1个月以前发布,2680000.0,"32,274元/平",VR看装修 房本满五年 随时看房 
祈福A区 联排别墅带前后花园 近地铁,祈福新村A区,祈福新村,4室2厅 ,124.54, 北 , 精装 ,1, 1994年 , 平房,0,31,3880000.0,"31,155元/平",近地铁 VR房源 房本满五年 随时看房 
近地铁、间隔实用、精装修、采光好、旺中带静,金花小区,西华路,2室1厅 ,40.33, 东 北 , 精装 ,9, 2003年 , 塔楼,0,20,1480000.0,"36,698元/平",近地铁 VR看装修 房本满五年 随时看房 
碧桂园天玺湾 满五 南北对流 望小区园林 看房方便,碧桂园天玺湾,进港大道,3室2厅 ,98.01, 南 北 , 精装 ,31, 2014年 , 板塔结合,0,29,1700000.0,"17,346元/平",VR房源 房本满五年 随时看房 
过五唯一三房两卫高层望江单位笋盘,万科柏悦湾,大坦沙,3室2厅 ,96.04, 北 , 精装 ,34, 2010年 , 塔楼,0,30,3900000.0,"40,609元/平",近地铁 VR看装修 房本满五年 随时看房 
高层三房两卫 视野开阔 装修保养好 可以拎包入住,新世界锦云峰,嘉禾望岗,3室2厅 ,93.58, 西北 北 , 简装 ,32, 2013年 , 塔楼,0,23,3930000.0,"41,997元/平",VR房源 房本满五年 随时看房 
房子满五年唯一，一线江景无遮挡，采光充足。,新世界凯粤湾,滘口,3室2厅 ,133.53, 东北 , 其他 ,33, 2012年 , 塔楼,1,25,6800000.0,"50,925元/平",近地铁 VR房源 房本满五年 随时看房 
业主诚心出，高层视野好，门口近出入方便,万科幸福誉,知识城,3室2厅 ,95.38, 南 , 精装 ,33, 2014年 , 板塔结合,5,30,2150000.0,"22,542元/平",近地铁 VR房源 房本满两年 随时看房 
一期南向大三房，1梯4户，全新未入住 小高层！,叠翠峰,南沙区府,3室1厅 ,104.19, 南 , 精装 ,11, 2017年 , 塔楼,0,24,2700000.0,"25,915元/平",VR房源 房本满五年 随时看房 
自在三房，安静舒适，楼巴接驳地铁,自在城市花园一二期,汉溪长隆,3室1厅 ,98.69, 北 , 精装 ,10, 2004年 , 塔楼,3,30,2600000.0,"26,346元/平",VR房源 房本满五年 随时看房 
方正两房 阳台东南向 望花园 中层采光通风好,合兴苑,芳村,2室1厅 ,62.16, 南 , 简装 ,7, 1994年 , 板楼,2,20,1500000.0,"24,132元/平",近地铁 VR看装修 房本满五年 随时看房 
一期南向大三房，使用率高，1梯4户小高层，随时可看,叠翠峰,南沙区府,3室1厅 ,104.19, 南 , 精装 ,11, 2017年 , 塔楼,0,24,2700000.0,"25,915元/平",VR房源 房本满五年 随时看房 
碧桂园豪进广场 3室2厅 东南,碧桂园豪进广场,白江,3室2厅 ,99.11, 东南 , 精装 ,31, 2016年 , 塔楼,2,26,1750000.0,"17,658元/平",近地铁 VR房源 房本满五年 随时看房 
过五唯一，税费低，低预算方正毛坯两房,逸泉映翠,江浦街,2室2厅 ,76.63, 北 , 毛坯 ,24, 2015年 , 塔楼,0,24,650000.0,"8,483元/平",VR房源 房本满五年 随时看房 
天河北 南粤阁 东南向 高层 三房 视野开阔,南粤阁,林和,3室2厅 ,107.43, 东南 , 精装 ,30, 1998年 , 塔楼,2,25,5180000.0,"48,218元/平",近地铁 房本满五年 随时看房 
南沙云山诗意 3室2厅 南,南沙云山诗意,金洲,3室2厅 ,103.07, 南 , 精装 ,28, 2014年 , 塔楼,5,27,2360000.0,"22,898元/平",VR看装修 房本满五年 随时看房 
白云新城傍低密度实用3房，环境优美居住舒适,黄石小区,黄石,3室1厅 ,96.49, 南 北 , 简装 ,9, 1999年 , 塔楼,1, 1个月以前发布,3180000.0,"32,957元/平",VR房源 房本满五年 随时看房 
南北对流.阔绰双阳台.中间楼层，视野好，诚意出,金泽豪庭一期,白江,3室1厅 ,142.6, 南 北 , 简装 ,26, 2009年 , 塔楼,0, 1个月以前发布,2050000.0,"14,376元/平",近地铁 VR房源 房本满两年 随时看房 
时代南湾 南北对流 望湖的 过五年唯一 全新未住,时代南湾,南沙港,4室1厅 ,138.8, 东南 , 简装 ,32, 2013年 , 板塔结合,5,27,2580000.0,"18,588元/平",VR看装修 房本满五年 随时看房 
优山悦海南向3房  近地铁 配套成熟 交通便利,优山悦海,南沙港,3室2厅 ,110.03, 南 , 毛坯 ,18, 2013年 , 塔楼,0,21,1850000.0,"16,814元/平",近地铁 VR房源 房本满五年 随时看房 
金雅苑 户型好 采光通风好 实用高,金雅苑,滨江东,2室2厅 ,99.34, 东北 , 其他 ,9, 1998年 , 塔楼,1, 1个月以前发布,4580000.0,"46,105元/平",VR房源 房本满五年 
东倩园南向三房，近地铁，业主说想尽快卖掉,东怡新区东倩园,东怡新区,3室2厅 ,96.8, 南 , 精装 ,7, 2000年 , 塔楼,1,31,2100000.0,"21,695元/平",近地铁 VR房源 房本满五年 
佳兆业城市广场复式4房  看花园  安静不靠马路,佳兆业城市广场,南岗,4室1厅 ,102.53, 北 , 精装 ,38, 2019年 , 塔楼,1,25,2780000.0,"27,115元/平",VR房源 房本满两年 
凤锦苑电梯三房，视野好.业主诚心，给钱即卖,碧桂园凤凰城凤锦苑,凤凰城,3室1厅 ,122.0, 西北 , 精装 ,26, 2002年 , 塔楼,1,30,1800000.0,"14,755元/平",VR房源 房本满两年 
祈福新村 青怡居 南向 南向 中间楼层 两房 阳光好,祈福新村青怡居,祈福新村,2室1厅 ,58.5, 南 , 其他 ,5, 2001年 , 板楼,1,24,1350000.0,"23,077元/平",VR房源 房本满五年 
金海岸聚湖，三房二卫，拎包入住,金海岸花园聚湖,番禺客运站,3室2厅 ,135.66, 北 , 精装 ,18, 2002年 , 塔楼,1,27,4980000.0,"36,710元/平",VR看装修 房本满两年 
东荟大三房，采光通风好，南向看园林景观,万科东荟城,香雪,3室2厅 ,100.25, 西南 , 精装 ,33, 2016年 , 塔楼,12,21,3100000.0,"30,923元/平",VR看装修 房本满两年 
南向三房 安静望花园 诚心卖可以谈,时代春树里,香雪,3室2厅 ,92.9, 东南 南 , 精装 ,34, 2016年 , 塔楼,2,31,2650000.0,"28,526元/平",VR看装修 房本满五年 
复式产品　南向安静　前后无遮挡　采光通风好,万科尚城御府,南岗,3室1厅 ,77.88, 东南 , 精装 ,34, 2016年 , 板楼,0,25,2080000.0,"26,708元/平",VR房源 房本满两年 
时代南湾 东南向四房 装修好 保养好,时代南湾,南沙港,4室2厅 ,123.17, 东南 , 精装 ,26, 2012年 , 板塔结合,2, 1个月以前发布,2200000.0,"17,862元/平",VR看装修 房本满两年 随时看房 
时代南湾大平层.一线湖景.看房方便,时代南湾,南沙港,4室2厅 ,170.01, 西 , 精装 ,17, 2012年 , 板塔结合,1, 1个月以前发布,3400000.0,"19,999元/平",VR看装修 房本满五年 随时看房 
大型社区 中层两房 近花湾地站,合兴苑,芳村,2室1厅 ,70.58, 南 北 , 简装 ,8, 1997年 , 板楼,0, 1个月以前发布,1800000.0,"25,503元/平",近地铁 VR房源 房本满五年 随时看房 
中高楼层，视野开阔，采光充足！出行方便！,万科东荟城,香雪,3室2厅 ,87.51, 东南 , 其他 ,23, 2015年 , 塔楼,5, 1个月以前发布,2800000.0,"31,997元/平",VR看装修 房本满五年 随时看房 
齐富路南向三房，配套成熟，生活方便,齐富阁,黄石,3室1厅 ,78.89, 南 北 , 简装 ,9, 1995年 , 塔楼,0, 1个月以前发布,1990000.0,"25,225元/平",近地铁 VR看装修 房本满五年 随时看房 
珠江花城大两房 楼层好户型好 视野采光优秀,珠江花城,黄村,2室1厅 ,73.38, 北 , 精装 ,26, 2019年 , 塔楼,1, 1个月以前发布,3990000.0,"54,375元/平",VR房源 房本满两年 随时看房 
满五唯一、精装修、采光通风好、主卧180度全景落地窗,汇侨新城南区,新市,2室1厅 ,86.77, 东北 , 精装 ,18, 2003年 , 塔楼,1, 1个月以前发布,2800000.0,"32,270元/平",VR房源 房本满五年 随时看房 
看小区花园 保养好 看房有钥匙 业主诚心卖,叠翠峰,南沙区府,3室2厅 ,90.09, 东北 , 精装 ,32, 2017年 , 塔楼,1, 1个月以前发布,1990000.0,"22,090元/平",VR看装修 房本满两年 随时看房 
珠城中区品质三房，楼层高保养好。,尚东君御雅苑,珠江新城中,3室2厅 ,91.9, 北 , 其他 ,46, 2013年 , 塔楼,2, 1个月以前发布,12600000.0,"137,106元/平",近地铁 VR看装修 房本满五年 随时看房 
春庭花园 电梯高层 两房改三房 满五唯一 免个税,春庭花园,元下田,3室2厅 ,69.58, 东北 , 其他 ,9, 1999年 , 塔楼,0, 1个月以前发布,1600000.0,"22,996元/平",VR看装修 房本满五年 随时看房 
广粤天地旁 南北对流新装修领包入住 距离珠江200米,誉城苑,珠江新城东,3室2厅 ,99.87, 南 北 , 精装 ,18, 2001年 , 塔楼,8, 1个月以前发布,5480000.0,"54,872元/平",近地铁 VR房源 房本满五年 随时看房 
中国铁建荔湾国际城 3室2厅 东南,中国铁建荔湾国际城,龙溪,3室2厅 ,96.7, 东南 , 简装 ,32, 2015年 , 塔楼,1, 1个月以前发布,3860000.0,"39,918元/平",VR看装修 房本满五年 随时看房 
天河北  金田花苑二期  原装电梯中间层三房,金田花苑,天润路,3室2厅 ,91.33, 东南 , 其他 ,19, 1997年 , 板塔结合,3, 1个月以前发布,6500000.0,"71,171元/平",VR看装修 房本满两年 随时看房 
越秀云山单位房，低层实用三房，证过五年,广园东路,沙河,3室1厅 ,70.73, 南 北 , 精装 ,5, 1992年 , 板楼,4, 1个月以前发布,1770000.0,"25,025元/平",VR看装修 房本满五年 随时看房 
雅宝新城三房首付低经济型房源业主诚意出,雅宝新城,秀全街,3室2厅 ,95.96, 北 , 简装 ,19, 2012年 , 塔楼,2,25,1180000.0,"12,297元/平",VR房源 房本满五年 随时看房 
南向-望园区3房保养新靓，平过瑞麓府10000/m²,珑翠花园,汉溪长隆,3室2厅 ,137.37, 南 西南 , 精装 ,11, 2013年 , 板塔结合,2,30,5300000.0,"38,582元/平",VR看装修 房本满两年 随时看房 
电梯中楼层 南向三房带主套 安静不吵 双地铁口物业,悦涛雅苑,黄埔区府,3室2厅 ,96.24, 南 , 精装 ,13, 2000年 , 塔楼,8,27,3080000.0,"32,004元/平",近地铁 VR看装修 房本满两年 随时看房 
祈福名都 正南向三房 视野开阔无遮挡 保养新净,祈福新村祈福名都,祈福新村,3室1厅 ,87.75, 南 , 精装 ,32, 2014年 , 塔楼,3,25,2780000.0,"31,681元/平",VR房源 房本满两年 随时看房 
桃园经典四房 南北对流中高楼层 产权清晰够五唯一无按,富力桃园,罗冲围,4室1厅 ,160.1, 南 , 简装 ,30, 2005年 , 塔楼,1, 1个月以前发布,5200000.0,"32,480元/平",VR房源 房本满五年 
祈福新村E区，南向 两房，中层，如图所示，看房方便,祈福新村E区,祈福新村,2室2厅 ,57.0, 南 , 简装 ,4, 1995年 , 板楼,0, 7个月以前发布,1090000.0,"19,123元/平",VR看装修 房本满五年 随时看房 
满五唯一高层看天河公园户型方正采光好,历德雅舍,华景新城,4室2厅 ,133.74, 东南 , 简装 ,18, 2005年 , 塔楼,2, 1个月以前发布,9990000.0,"74,698元/平",VR房源 房本满五年 
自住装修保养新 距离小区门口近 采光无遮挡,海伦堡花园,沙村,2室1厅 ,82.6, 北 , 简装 ,17, 2006年 , 塔楼,3, 1个月以前发布,1030000.0,"12,470元/平",VR房源 房本满五年 
天湖居三房两卫诚意转让，方便看房,祈福新村天湖居,祈福新村,3室2厅 ,131.73, 东 , 精装 ,19, 2003年 , 塔楼,1,24,3280000.0,"24,900元/平",VR房源 房本满五年 
南向精装三房，格局好，楼层佳，户型方正，视野开阔。,保利中航城花园一期,朱村,3室1厅 ,92.43, 东南 , 精装 ,23, 2018年 , 塔楼,0,23,1350000.0,"14,606元/平",VR看装修 房本满两年 
南航碧花园D区 2室2厅 北,南航碧花园D区,狮岭镇,2室2厅 ,106.39, 北 , 精装 ,11, 2008年 , 塔楼,0,19,700000.0,"6,580元/平",VR看装修 房本满五年 
好房精选~！精致小三房~正南朝向~保养新,锦绣新天地,新塘南,3室2厅 ,88.42, 南 , 精装 ,11, 2010年 , 塔楼,0,29,1250000.0,"14,138元/平",VR看装修 房本满五年 
区府标准刚需三房 保养好 采光好 业主诚心出,保利罗兰国际,科学城,3室2厅 ,90.42, 东北 , 精装 ,33, 2016年 , 塔楼,9,21,3100000.0,"34,285元/平",近地铁 VR房源 房本满两年 
新塘南.中高层望花园.对流三房,合汇学府名郡,白江,3室2厅 ,123.0, 南 , 精装 ,32, 2017年 , 塔楼,1,25,1798000.0,"14,618元/平",VR看装修 房本满两年 
急卖，楼龄新，满五唯一免个税，交通便利,新塘新世界花园万象苑,沙村,2室1厅 ,87.12, 北 , 精装 ,18, 2014年 , 塔楼,5, 1个月以前发布,1400000.0,"16,070元/平",近地铁 VR看装修 房本满五年 
锦砖电梯 配套成熟 双地铁 出行方便 安静看花园,花都银燕大厦,旧区,3室2厅 ,135.44, 北 , 精装 ,20, 2002年 , 塔楼,0,29,1570000.0,"11,592元/平",近地铁 VR房源 房本满五年 随时看房 
天启南北对流，大三房，朝南，望公园，满二,时代天启,荔城增江,3室2厅 ,118.47, 南 , 精装 ,32, 2018年 , 塔楼,0,29,1348000.0,"11,379元/平",VR看装修 房本满两年 
祈福新村祈福名都 3室2厅 南,祈福新村祈福名都,祈福新村,3室2厅 ,90.12, 南 , 精装 ,33, 2014年 , 塔楼,0,21,3200000.0,"35,509元/平",VR看装修 房本满五年 
万科幸福誉二期 安静望花园 近地铁,万科幸福誉,知识城,3室1厅 ,94.0, 南 , 精装 ,33, 2014年 , 板塔结合,1,31,2150000.0,"22,873元/平",近地铁 VR房源 房本满两年 
万科东荟城 4室2厅 南,万科东荟城,香雪,4室2厅 ,123.32, 南 , 精装 ,32, 2016年 , 板塔结合,1, 1个月以前发布,4470000.0,"36,248元/平",VR看装修 房本满五年 
祈福新村 青怡居 南向 南向 中间楼层 两房 阳光好,祈福新村青怡居,祈福新村,2室1厅 ,58.5, 南 , 其他 ,5, 2001年 , 板楼,1,24,1350000.0,"23,077元/平",VR房源 房本满五年 
全屋新装修，视野无遮挡，近赏金山湖景，远眺广州塔,祈福缤纷汇,祈福新村,3室2厅 ,95.5, 北 , 精装 ,31, 2017年 , 板塔结合,4,22,2950000.0,"30,891元/平",近地铁 VR看装修 房本满两年 
南向三房 安静望花园 诚心卖可以谈,时代春树里,香雪,3室2厅 ,92.9, 东南 南 , 精装 ,34, 2016年 , 塔楼,2,31,2650000.0,"28,526元/平",VR看装修 房本满五年 
春庭花园 电梯高层 两房改三房 满五唯一 免个税,春庭花园,元下田,3室2厅 ,69.58, 东北 , 其他 ,9, 1999年 , 塔楼,0, 1个月以前发布,1600000.0,"22,996元/平",VR看装修 房本满五年 随时看房 
雍翠园高层二房 精装修 南北对流 厅出阳台 厅大房大,祥景花园雍翠园,黄石,2室2厅 ,80.15, 南 北 , 精装 ,15, 2003年 , 塔楼,0, 1个月以前发布,1850000.0,"23,082元/平",VR看装修 房本满五年 随时看房 
满五唯一，保养佳。视野开阔，采光充足，配套齐全。,岭南湾畔,西村,3室1厅 ,95.69, 南 , 精装 ,32, 2010年 , 塔楼,1, 1个月以前发布,4890000.0,"51,103元/平",近地铁 VR看装修 房本满五年 随时看房 
广粤天地旁 南北对流新装修领包入住 距离珠江200米,誉城苑,珠江新城东,3室2厅 ,99.87, 南 北 , 精装 ,18, 2001年 , 塔楼,8, 1个月以前发布,5480000.0,"54,872元/平",近地铁 VR房源 房本满五年 随时看房 
新上盘  华逸锦轩 东南向  四房  少有放盘,华逸锦轩,五羊新城,4室2厅 ,141.77, 东南 , 简装 ,27, 2004年 , 塔楼,3, 1个月以前发布,9500000.0,"67,010元/平",VR房源 房本满五年 随时看房 
金融城北区 骏景花园北苑三期2+1房 通风好光线充足,骏景花园,棠下,3室2厅 ,78.33, 北 , 简装 ,15, 2000年 , 塔楼,2, 1个月以前发布,4250000.0,"54,258元/平",VR看装修 房本满五年 随时看房 
金湖雅苑 电梯3房 诚意卖 看房方便,金湖雅苑,沙太北,3室2厅 ,98.51, 北 , 简装 ,19, 1999年 , 塔楼,1, 1个月以前发布,1800000.0,"18,273元/平",VR看装修 房本满两年 随时看房 
越秀云山单位房，低层实用三房，证过五年,广园东路,沙河,3室1厅 ,70.73, 南 北 , 精装 ,5, 1992年 , 板楼,4, 1个月以前发布,1770000.0,"25,025元/平",VR看装修 房本满五年 随时看房 
满五年，四开间朝南，业主诚心卖 楼层好视野开阔,时代玫瑰园,黄边,3室1厅 ,90.16, 东南 , 简装 ,13, 2004年 , 塔楼,3, 1个月以前发布,3150000.0,"34,938元/平",VR房源 房本满五年 随时看房 
高层视野好，通风采光佳，新政策不要增值税,实地常春藤,黄埔永和,3室2厅 ,96.3, 东北 , 简装 ,32, 2017年 , 塔楼,2, 1个月以前发布,1780000.0,"18,484元/平",VR看装修 房本满两年 随时看房 
锦绣天伦，精装两居，过5年，随时可看，急急急急急急,敏捷锦绣天伦,新塘北,2室1厅 ,74.33, 东北 , 其他 ,32, 2015年 , 塔楼,1, 1个月以前发布,1080000.0,"14,530元/平",VR看装修 房本满五年 随时看房 
三房两厅两卫，采光通风好，户型方正，带主套间。,保利城,铁路西,3室1厅 ,103.15, 南 , 简装 ,25, 2011年 , 塔楼,2, 1个月以前发布,1250000.0,"12,119元/平",近地铁 VR看装修 房本满五年 随时看房 
广园好房 实用三房户型方正采光好,景泰新村,景泰,3室1厅 ,81.25, 北 , 其他 ,8, 1992年 , 塔楼,1, 1个月以前发布,2250000.0,"27,693元/平",VR看装修 房本满五年 随时看房 
户型方正中高层 视野开阔 高层景观洋房,实地常春藤,黄埔永和,3室2厅 ,97.05, 东北 , 精装 ,29, 2017年 , 塔楼,3, 3个月以前发布,1740000.0,"17,929元/平",VR看装修 房本满两年 随时看房 
锦绣天伦花园 官湖地铁口旁 东南朝向三房 随时看房,敏捷锦绣天伦,新塘北,3室1厅 ,90.2, 东南 , 简装 ,32, 2015年 , 塔楼,0, 1个月以前发布,1490000.0,"16,519元/平",VR房源 房本满五年 随时看房 
洛桑美地 原装电梯 两室一厅 近地铁 采光好,洛桑美地,东川路,2室1厅 ,66.95, 西 北 , 简装 ,32, 2001年 , 塔楼,0, 1个月以前发布,4080000.0,"60,942元/平",近地铁 VR看装修 房本满五年 随时看房 
珠江壹城  四房二厅  朝向西南  环境优美  交通方便,珠江国际城,神岗镇,4室2厅 ,144.75, 南 西南 , 精装 ,28, 2017年 , 板塔结合,1, 1个月以前发布,1490000.0,"10,294元/平",近地铁 VR房源 房本满五年 随时看房 
公园旁 平层电梯2房2阳 单边全明 生活便利 宜住宜租,南翠苑,昌岗,2室1厅 ,73.24, 东北 , 简装 ,9, 1999年 , 塔楼,2, 1个月以前发布,2800000.0,"38,231元/平",VR看装修 房本满五年 随时看房 
证够5年 楼层好 原装三房 格局十分实用,金道花园,鹤洞,3室2厅 ,67.4, 南 , 简装 ,9, 1995年 , 塔楼,10, 1个月以前发布,1500000.0,"22,256元/平",近地铁 VR看装修 房本满五年 随时看房 
祥景雍翠园 南向电梯 够五年 高层看花园,祥景花园雍翠园,黄石,3室1厅 ,76.33, 东南 , 精装 ,13, 2000年 , 塔楼,1, 1个月以前发布,1890000.0,"24,761元/平",VR看装修 房本满五年 随时看房 
西村地铁 全新装修电梯3房带主套 上环市西 楼龄新,广雅居,西村,3室1厅 ,73.76, 东南 , 精装 ,9, 2000年 , 塔楼,5, 1个月以前发布,2290000.0,"31,047元/平",近地铁 VR看装修 房本满五年 随时看房 
л԰  С԰ ,л԰,ֺ,32 ,108.98,  ,  ,32, 2004 , ,3, 1ǰ,11600000.0,"106,442Ԫ/ƽ", VRԴ  
5ʡ˰ͷʵãɹͨãλĺ÷,ųС,,31 ,89.45,    , װ ,8, 1995 , ¥,0, 6ǰ,5500000.0,"61,487Ԫ/ƽ", VRװ  ʱ 
԰С Ұڵ jia ,԰,޳Χ,21 ,71.64,  , װ ,16, 2004 , ¥,14, 5ǰ,2150000.0,"30,012Ԫ/ƽ",VRԴ  ʱ 
ԭװ ʽ װ422λ  ˫̨,꽻,·,42 ,112.84,  , װ ,15, 1997 , ¥,2,22,3270000.0,"28,980Ԫ/ƽ",VRװ  ʱ 
ϱǰС԰мλõм¥㣬,ҵй㳡,ϸ,42 ,130.76,   , װ ,32, 2020 , ¥,1,22,3800000.0,"29,061Ԫ/ƽ",VRԴ  ʱ 
4  װ¾ ԰,㽭԰8,Ϫ¡,41 ,139.34,  , װ ,17, 2004 , ¥,3,27,7800000.0,"55,979Ԫ/ƽ",VRԴ  ʱ 
    ã     ԰,ɽˮ,,51 ,152.7,  , װ ,3, 2008 , ,1,19,3650000.0,"23,904Ԫ/ƽ",VRԴ  ʱ 
´ һ¥ǰ73԰ ,´,´,42 ,102.0,  , װ ,4, 1998 , ¥,5,24,3200000.0,"31,373Ԫ/ƽ",VRԴ  ʱ 
Ұ,徰ͥ,ѧ,31 ,92.27,  , װ ,18, 2009 , ¥,4,21,2860000.0,"30,996Ԫ/ƽ",VRԴ  ʱ 
Ŵãȫ¾װޣ߲㣬ɹã,Ŵ,齭³,43 ,252.06,   ,  ,33, 1997 , ¥,2,31,14800000.0,"58,717Ԫ/ƽ",VRԴ  ʱ 
԰鷼԰ 22  ,԰鷼԰,ʯ,22 ,74.7,   , װ ,8, 1995 , ¥,0, 7ǰ,1250000.0,"16,734Ԫ/ƽ",VRװ  ʱ 
Ҳ֣¸ʽװޱãʵ,,ĳ,32 ,66.05,   , װ ,22, 2016 , ¥,2,22,970000.0,"14,686Ԫ/ƽ",  
¥ ̨ʳλΨһ˰,Է,ڶ,42 ,150.98,  , װ ,35, 2009 , ,2,24,12980000.0,"85,972Ԫ/ƽ", VRװ  
𰲴ݾװķ  3.3ײ ԰¶Ӿ,Է,ڶ,41 ,169.11,   , װ ,35, 2012 , ,5,24,13980000.0,"82,669Ԫ/ƽ", VRԴ  
ڳ 5ŴԺݷ ɹ 跿Դ ׳,Աĺ·5ŴԺ,Ա,21 ,61.43,  , װ ,9, 1991 , ¥,2,23,2400000.0,"39,069Ԫ/ƽ", VRԴ  ʱ 
ԷΨһ˽,Է,·,32 ,96.23,  , װ ,33, 2007 , ¥,0,24,1320000.0,"13,718Ԫ/ƽ",VRװ  ʱ 
װ ס ϱɹͨ͸ ס ,žָɽ,ѧ,52 ,198.31,  , װ ,25, 2016 , ¥,3,23,8800000.0,"44,375Ԫ/ƽ", VRװ  ʱ 
̹԰߲㺣,̹԰,۴,31 ,93.07,  , װ ,30, 2014 , ,0,22,1880000.0,"20,200Ԫ/ƽ",VRԴ  ʱ 
԰ 32 ,԰,,32 ,116.1,  , װ ,7, 2003 , ¥,1,24,1680000.0,"14,471Ԫ/ƽ", VRװ  ʱ 
С԰ ַʵ ͨɹ ϳ,Ĵӵͥһ,خվ,32 ,86.86,  , װ ,6, 2004 , ¥,2,24,1760000.0,"20,263Ԫ/ƽ",VRԴ  ʱ 
³ǰܶʵ3ס,ʯС,ʯ,31 ,96.49,   , װ ,9, 1999 , ¥,1, 1ǰ,3180000.0,"32,957Ԫ/ƽ",VRԴ  ʱ 
ʱ ϱ  Ψһ ȫδס,ʱ,ɳ,41 ,138.8,  , װ ,32, 2013 , ,5,27,2580000.0,"18,588Ԫ/ƽ",VRװ  ʱ 
ɽú3   ׳ ͨ,ɽú,ɳ,32 ,110.03,  , ë ,18, 2013 , ¥,0,21,1850000.0,"16,814Ԫ/ƽ", VRԴ  ʱ 
˷ַ   ʵ ռ,ɽˮ,ֽ,42 ,104.26,  , װ ,31, 2018 , ¥,1, 3ǰ,980000.0,"9,400Ԫ/ƽ",VRװ  ʱ 
ϱķͷҰͨɹ,ϻ㡤㳡,,42 ,140.46,  , ë ,37, 2017 , ¥,24, һǰ,2540000.0,"18,084Ԫ/ƽ", VRװ  ʱ 
 ʽķ װ  Ұ,԰,׽,42 ,141.15,  , װ ,29, 2013 , ¥,31, һǰ,2600000.0,"18,421Ԫ/ƽ", VRԴ  ʱ 
źű Ψһʡ˰ ϱ ǰ԰,žֻ԰ź,ž,52 ,191.8,   , װ ,1, 2010 , ¥,5, 2ǰ,10500000.0,"54,745Ԫ/ƽ",VRԴ  ʱ 
ͷʩȫͨ,žָɽ,ѧ,42 ,198.72,  , װ ,25, 2016 , ¥,7, 2ǰ,8700000.0,"43,781Ԫ/ƽ", VRװ  ʱ 
  ȫδס4   ԰,԰,׽,41 ,145.2,  , װ ,29, 2013 , ¥,2, 8ǰ,2880000.0,"19,835Ԫ/ƽ", VRԴ  ʱ 
򿴻԰ķͷм¥ƽ̨,ͥһ,׽,42 ,146.2,   , װ ,27, 2013 , ¥,9, 9ǰ,2350000.0,"16,074Ԫ/ƽ", VRװ  ʱ 
㶫ʣϱַ֤ꡣ,㶫ʻ԰,׽,32 ,131.38,  , װ ,28, 2012 , ¥,3, һǰ,1960000.0,"14,919Ԫ/ƽ",VRװ  ʱ 
԰ϳű 5,ǹ԰ϳ,,52 ,184.83,  , ë ,3, 2014 , ,8, 8ǰ,3480000.0,"18,829Ԫ/ƽ",VRԴ  ʱ 
ɽķϱҰɹ,ɽ,,42 ,137.89,  , ë ,33, 2019 , ¥,2, һǰ,1300000.0,"9,428Ԫ/ƽ",VRװ  ʱ 
ȫûסʵ ,i,,42 ,97.72,   , װ ,17, 2019 , ¥,5, һǰ,1280000.0,"13,099Ԫ/ƽ",VRԴ  ʱ 
¥Ұã꣬Կ׿㣬,̹԰㳡,׽,32 ,116.53,   , ë ,31, 2016 , ¥,6, һǰ,2050000.0,"17,593Ԫ/ƽ", VRװ  ʱ 
˷¥£ȫδסҵ,ҵй㳡,ϸ,42 ,99.35,  , װ ,38, 2020 , ¥,14, 10ǰ,2880000.0,"28,989Ԫ/ƽ",VRԴ  ʱ 
㵤 21 ,㵤,,21 ,54.58,  ,  ,31, 2004 , ,0,20,3920000.0,"71,822Ԫ/ƽ", VRԴ  ʱ 
 22 ,,,22 ,76.8,  , װ ,32, 2015 , ¥,0,18,990000.0,"12,891Ԫ/ƽ",VRԴ  ʱ 
סپװ޴3ȫݼ˽,һƷɽ,,32 ,103.55,  , װ ,11, 2019 , ¥,1,24,990000.0,"9,561Ԫ/ƽ",VRԴ  
ƽ˹С԰Ա Ұ  ,ɽѧ,д,42 ,103.03,  , װ ,5, 1993 , ¥,1,25,9500000.0,"92,207Ԫ/ƽ", VRԴ  
ĵ»԰еͲ ԰λð ۺ,ĵ»Է,,31 ,72.98,  , װ ,11, 1997 , ¥,1,22,2480000.0,"33,982Ԫ/ƽ",VRԴ  ʱ 
ӯ ԰ ԰ ס,ӯʻԷ,,32 ,132.17,  , װ ,20, 2011 , ¥,0,25,2018000.0,"15,269Ԫ/ƽ",VRװ  ʱ 
  ¶̨ ɹ,ѧԺ,,21 ,73.64,  , װ ,9, 1999 , ¥,1,24,2390000.0,"32,456Ԫ/ƽ",VRԴ  ʱ 
ͻͥ ϡС  ͨɹҰ,ͻͥ,,21 ,63.9,  , װ ,14, 2011 , ¥,0,19,2480000.0,"38,811Ԫ/ƽ", VRԴ  ʱ 
ݸǱ  ߲Ұ ϱ,Ǳ,é,31 ,93.26,  , װ ,18, 2009 , ¥,1,24,2350000.0,"25,199Ԫ/ƽ",VRԴ  ʱ 
Ȼ ȫδס ϱ λ˫̨,Ȼ,۴,32 ,105.5,  , װ ,33, 2018 , ¥,2,24,2150000.0,"20,380Ԫ/ƽ",VRװ  ʱ 
ҵװ4ͷеͲ¥λ϶뻧ƽ̨,ʱ,·,42 ,119.16,   ,  ,28, 2010 , ¥,1,22,1990000.0,"16,701Ԫ/ƽ",VRԴ  ʱ 
翭 ߲ Ұ ,翭,,32 ,91.85,  , װ ,33, 2012 , ¥,1,22,3920000.0,"42,679Ԫ/ƽ", VRԴ  ʱ 
 齭԰ϱԿ ʱɿ,齭԰,,32 ,101.83,  , װ ,32, 2017 , ¥,5,25,1700000.0,"16,695Ԫ/ƽ",VRװ  ʱ 
Ե 3 װ Կ׿,,ɳ,32 ,85.38,  , װ ,26, 2018 , ¥,0,22,2000000.0,"23,425Ԫ/ƽ", VRװ  ʱ 
ܼƼȻ ƴķ  Ұ ɹ,Ȼ,۴,41 ,126.06,  , װ ,33, 2019 , ¥,3, 1ǰ,2590000.0,"20,546Ԫ/ƽ",VRԴ  ʱ 
۾Է 42 ,۾Է,,42 ,170.19,  ,  ,32, 2000 , ,1, 1ǰ,13000000.0,"76,386Ԫ/ƽ", VRԴ  ʱ 
ݿƴ 31 ,ݿƴ,̫,31 ,70.9,  , װ ,20, 2016 , ¥,3, 1ǰ,648000.0,"9,140Ԫ/ƽ", ʱ 
㸴ʽ¶죬򿴺ʱ㿴,̹԰,۴,42 ,193.08,  , װ ,18, 2014 , ,0, 1ǰ,4480000.0,"23,203Ԫ/ƽ",VRԴ  ʱ 
Է ݴķ ˫̨ ͨɹ,Է,,42 ,116.38,   , װ ,9, 2000 , ¥,1, 1ǰ,3500000.0,"30,074Ԫ/ƽ", VRԴ  ʱ 
9վ  ϱס и߲ 3,쾰԰,·,31 ,95.73,   , װ ,23, 2009 , ¥,3,25,1190000.0,"12,431Ԫ/ƽ", VRԴ  ʱ 
  и¥  ,ױ԰,ɳ,32 ,94.86,  , װ ,18, 2012 , ¥,1,31,1400000.0,"14,759Ԫ/ƽ",VRԴ  ʱ 
Է 21 ,Է,·,21 ,67.0,  , װ ,34, 2007 , ¥,2,29,990000.0,"14,777Ԫ/ƽ",VRԴ  ʱ 
и߲ӣҰɹͨ,˳,˳,32 ,103.74,   , װ ,55, 2013 , ¥,1,27,2390000.0,"23,039Ԫ/ƽ",VRԴ  ʱ 
˷һ ϱ ̨ܶȣá,Է,,42 ,142.6,  , װ ,6, 2005 , ¥,2,29,2100000.0,"14,727Ԫ/ƽ", VRԴ  ʱ 
ݾӣַɹͨãƣ,ݾ,,31 ,103.97,  , װ ,9, 1999 , ¥,0,31,1000000.0,"9,619Ԫ/ƽ", VRԴ  ʱ 
Iλʽ4¥ڵҰ,i,,42 ,95.62,  , װ ,17, 2018 , ¥,1,22,1330000.0,"13,910Ԫ/ƽ",VRԴ  ʱ 
ۿ ƽϱ ûиĶ,ɺ,Ü,42 ,191.13,   , װ ,32, 2005 , ¥,1,26,7200000.0,"37,671Ԫ/ƽ",VRװ  ʱ 
5Ψһ ϱ װ޺ ʱ,ݽ,,32 ,119.42,   , װ ,32, 2015 , ¥,0,28,1930000.0,"16,162Ԫ/ƽ",VRװ  ʱ 
¥ Ұڵ ɹ,,ѧ,31 ,101.6,  , װ ,33, 2016 , ¥,2, 1ǰ,4200000.0,"41,339Ԫ/ƽ",VRװ  ʱ 
̹԰ȫδסСʺϸ,̹԰,۴,32 ,89.33,  , װ ,31, 2014 , ,4,28,1680000.0,"18,807Ԫ/ƽ",VRԴ  ʱ 
Žʵôмװλûͷɼ,СŽ,,31 ,83.04,  , װ ,9, 1998 , ƽ,0, 1ǰ,2680000.0,"32,274Ԫ/ƽ",VRװ  ʱ 
A űǰ԰ ,´A,´,42 ,124.54,  , װ ,1, 1994 , ƽ,0,31,3880000.0,"31,155Ԫ/ƽ", VRԴ  ʱ 
ʵáװޡɹáд,С,·,21 ,40.33,   , װ ,9, 2003 , ¥,0,20,1480000.0,"36,698Ԫ/ƽ", VRװ  ʱ 
Ψһ߲λ,ư,̹ɳ,32 ,96.04,  , װ ,34, 2010 , ¥,0,30,3900000.0,"40,609Ԫ/ƽ", VRװ  ʱ 
̹԰  ϱ С԰ ,̹԰,۴,32 ,98.01,   , װ ,31, 2014 , ,0,29,1700000.0,"17,346Ԫ/ƽ",VRԴ  ʱ 
߲ Ұ װޱ ס,Ʒ,κ,32 ,93.58,   , װ ,32, 2013 , ¥,0,23,3930000.0,"41,997Ԫ/ƽ",VRԴ  ʱ 
ҵĳ߲Ұãſڽ뷽,Ҹ,֪ʶ,32 ,95.38,  , װ ,33, 2014 , ,5,30,2150000.0,"22,542Ԫ/ƽ", VRԴ  ʱ 
Ψһһ߽ڵɹ㡣,翭,,32 ,133.53,  ,  ,33, 2012 , ¥,1,25,6800000.0,"50,925Ԫ/ƽ", VRԴ  ʱ 
һ14ȫδס С߲㣡,,ɳ,31 ,104.19,  , װ ,11, 2017 , ¥,0,24,2700000.0,"25,915Ԫ/ƽ",VRԴ  ʱ 
 ̨ ԰ вɹͨ,Է,,21 ,62.16,  , װ ,7, 1994 , ¥,2,20,1500000.0,"24,132Ԫ/ƽ", VRװ  ʱ 
ʣ¥ͽӲ,ڳл԰һ,Ϫ¡,31 ,98.69,  , װ ,10, 2004 , ¥,3,30,2600000.0,"26,346Ԫ/ƽ",VRԴ  ʱ 
̹԰㳡 32 ,̹԰㳡,׽,32 ,99.11,  , װ ,31, 2016 , ¥,2,26,1750000.0,"17,658Ԫ/ƽ", VRԴ  ʱ 
һʹʸߣ14С߲㣬ʱɿ,,ɳ,31 ,104.19,  , װ ,11, 2017 , ¥,0,24,2700000.0,"25,915Ԫ/ƽ",VRԴ  ʱ 
Ψһ˰ѵͣԤ㷽ë,Ȫӳ,ֽ,22 ,76.63,  , ë ,24, 2015 , ¥,0,24,650000.0,"8,483Ԫ/ƽ",VRԴ  ʱ 
ӱ   ߲  Ұ,,ֺ,32 ,107.43,  , װ ,30, 1998 , ¥,2,25,5180000.0,"48,218Ԫ/ƽ",  ʱ 
ɳɽʫ 32 ,ɳɽʫ,,32 ,103.07,  , װ ,28, 2014 , ¥,5,27,2360000.0,"22,898Ԫ/ƽ",VRװ  ʱ 
ϱ.˫̨.м¥㣬Ұã,ͥһ,׽,31 ,142.6,   , װ ,26, 2009 , ¥,0, 1ǰ,2050000.0,"14,376Ԫ/ƽ", VRԴ  ʱ 
ҵй㳡  ҵ jia̸,ҵй㳡,ϸ,32 ,83.91,  , װ ,32, 2017 , ¥,5, 1ǰ,1930000.0,"23,001Ԫ/ƽ",VRװ  ʱ 
Է ͺ ɹͨ ʵø,Է,,22 ,99.34,  ,  ,9, 1998 , ¥,1, 1ǰ,4580000.0,"46,105Ԫ/ƽ",VRԴ  
ٽҵ ԭװи߲Ұɹ,С,³,21 ,74.55,   , װ ,23, 1996 , ¥,0, 1ǰ,4300000.0,"57,680Ԫ/ƽ",VRԴ  ʱ 
70ƽ¶.̨ã,,,31 ,121.93,    , װ ,9, 2005 , ¥,0, 1ǰ,1350000.0,"11,072Ԫ/ƽ",VRԴ  ʱ 
Էӷɹ㣬ʩȫͨ,Է,,32 ,93.77,  , װ ,8, 2004 , ¥,0, 1ǰ,980000.0,"10,452Ԫ/ƽ", VRװ  ʱ 
ķ ϱ  ¥ װ ҵ,,ѧ,42 ,172.87,   , װ ,34, 2013 , ¥,2, 1ǰ,7950000.0,"45,989Ԫ/ƽ",VRװ  ʱ 
¡Ҿװ߲Ұɹ,¡,ʯ¥,32 ,97.8,  , װ ,15, 2012 , ¥,0, 1ǰ,1880000.0,"19,223Ԫ/ƽ",VRװ  ʱ 
ҵװñ䣬,ҵй㳡,ϸ,32 ,83.85,  , װ ,32, 2017 , ¥,3, 1ǰ,2060000.0,"24,568Ԫ/ƽ",VRԴ  ʱ 
ߴַͣϱ,ʱ,ѩ,41 ,113.09,  , װ ,34, 2017 , ¥,6, 1ǰ,3020000.0,"26,705Ԫ/ƽ",VRװ  ʱ 
ҵй㳡 42  ,ҵй㳡,ϸ,42 ,132.0,   , ë ,32, 2017 , ¥,0, 1ǰ,3880000.0,"29,394Ԫ/ƽ",VRԴ  ʱ 
    ˰  ͨɹ,ҵй㳡,ϸ,32 ,81.03,  , װ ,32, 2017 , ¥,3, 1ǰ,1950000.0,"24,066Ԫ/ƽ",VRװ  ʱ 
Ųɭλúãַʵãͨ͸ɽ,žֻ԰ͥ,ž,32 ,140.0,  , װ ,19, 2008 , ¥,6, 1ǰ,4500000.0,"32,143Ԫ/ƽ", VRԴ  ʱ 
Ͽ ϱ ҵ,Ͽ,,31 ,89.94,   , װ ,18, 2019 , ¥,1, 1ǰ,1200000.0,"13,343Ԫ/ƽ",
ȫ ¥ ڵ ɹ,ʵǾޱ,,32 ,86.02,  , װ ,32, 2019 , ¥,0, 1ǰ,1000000.0,"11,626Ԫ/ƽ",VRװ  ʱ 
㶫ʻ԰챾֣,㶫ʻ԰,׽,21 ,87.14,  , ë ,28, 2016 , ¥,1, 1ǰ,1200000.0,"13,771Ԫ/ƽ",VRԴ  ʱ 
См¥㣬԰֣Ұ,ƶ,ѩ,31 ,97.41,  , װ ,33, 2015 , ¥,4, 1ǰ,3350000.0,"34,391Ԫ/ƽ",VRԴ  ʱ 
ԣ԰ѼװݲʹУַ,ԣ԰,,32 ,123.3,   , װ ,7, 1993 , ¥,2, 1ǰ,2580000.0,"20,925Ԫ/ƽ",VRװ  ʱ 
ɽװ  ϱ  ҵ װޱ,ɽBZ,׽,32 ,123.35,   , װ ,20, 2011 , ¥,2, 1ǰ,2260000.0,"18,322Ԫ/ƽ",VRװ  ʱ 
ֺ԰ . ܶ ͷ,ֺ԰,,32 ,102.23,  , װ ,6, 2002 , ¥,6, 1ǰ,2180000.0,"21,325Ԫ/ƽ", VRװ  ʱ 
 װ ɹ ͨ ϳ ݷ,,ʯ,31 ,89.35,  , װ ,32, 2018 , ¥,1, 1ǰ,3120000.0,"34,919Ԫ/ƽ",VRװ  ʱ 
뵺 32 ,뵺,,32 ,129.16,  , װ ,23, 2016 , ¥,6, 1ǰ,3700000.0,"28,647Ԫ/ƽ",VRԴ  ʱ 
м¥㣬Ұɹ㣬з,ʱ,ѩ,32 ,80.54,  , װ ,18, 2016 , ¥,5, 1ǰ,2270000.0,"28,185Ԫ/ƽ",VRװ  ʱ 
 ԰ 3 ַ,԰,,32 ,100.87,  , װ ,12, 2003 , ¥,3, 1ǰ,2250000.0,"22,306Ԫ/ƽ",VRԴ  ʱ 
ҵ㣬԰С,Է,ڶ,21 ,95.78,  , װ ,35, 2009 , ,4,31,7800000.0,"81,437Ԫ/ƽ", VRԴ  ʱ 
ͥ԰ ݸ߲  Ψһ ˰,ͥ԰,Ԫ,32 ,69.58,  ,  ,9, 1999 , ¥,0, 1ǰ,1600000.0,"22,996Ԫ/ƽ",VRװ  ʱ 
Ӻ԰߲ װ ϱ ̨ 󷿴,龰԰Ӻ԰,ʯ,22 ,80.15,   , װ ,15, 2003 , ¥,0, 1ǰ,1850000.0,"23,082Ԫ/ƽ",VRװ  ʱ 
ΨһѡҰɹ㣬ȫ,,,31 ,95.69,  , װ ,32, 2010 , ¥,1, 1ǰ,4890000.0,"51,103Ԫ/ƽ", VRװ  ʱ 
 ϱװס 齭200,Է,齭³Ƕ,32 ,99.87,   , װ ,18, 2001 , ¥,8, 1ǰ,5480000.0,"54,872Ԫ/ƽ", VRԴ  ʱ 
  ݽ   ķ  з,ݽ,³,42 ,141.77,  , װ ,27, 2004 , ¥,3, 1ǰ,9500000.0,"67,010Ԫ/ƽ",VRԴ  ʱ 
ڳǱ ԰Է2+1 ͨù߳,԰,,32 ,78.33,  , װ ,15, 2000 , ¥,2, 1ǰ,4250000.0,"54,258Ԫ/ƽ",VRװ  ʱ 
Է 3  ,Է,ɳ̫,32 ,98.51,  , װ ,19, 1999 , ¥,1, 1ǰ,1800000.0,"18,273Ԫ/ƽ",VRװ  ʱ 
ԽɽλͲʵ֤,԰·,ɳ,31 ,70.73,   , װ ,5, 1992 , ¥,4, 1ǰ,1770000.0,"25,025Ԫ/ƽ",VRװ  ʱ 
꣬Ŀ䳯ϣҵ ¥Ұ,ʱõ԰,Ʊ,31 ,90.16,  , װ ,13, 2004 , ¥,3, 1ǰ,3150000.0,"34,938Ԫ/ƽ",VRԴ  ʱ 
߲Ұãͨɹѣ߲Ҫֵ˰,ʵس,,32 ,96.3,  , װ ,32, 2017 , ¥,2, 1ǰ,1780000.0,"18,484Ԫ/ƽ",VRװ  ʱ 
ףװӣ5꣬ʱɿ,ݽ,,21 ,74.33,  ,  ,32, 2015 , ¥,1, 1ǰ,1080000.0,"14,530Ԫ/ƽ",VRװ  ʱ 
ɹͨãͷ׼䡣,,·,31 ,103.15,  , װ ,25, 2011 , ¥,2, 1ǰ,1250000.0,"12,119Ԫ/ƽ", VRװ  ʱ 
԰÷ ʵͷɹ,̩´,̩,31 ,81.25,  ,  ,8, 1992 , ¥,1, 1ǰ,2250000.0,"27,693Ԫ/ƽ",VRװ  ʱ 
ͷи߲ Ұ ߲㾰,ʵس,,32 ,97.05,  , װ ,29, 2017 , ¥,3, 3ǰ,1740000.0,"17,929Ԫ/ƽ",VRװ  ʱ 
׻԰ ٺ ϳ ʱ,ݽ,,31 ,90.2,  , װ ,32, 2015 , ¥,0, 1ǰ,1490000.0,"16,519Ԫ/ƽ",VRԴ  ʱ 
ɣ ԭװ һ  ɹ,ɣ,·,21 ,66.95,   , װ ,32, 2001 , ¥,0, 1ǰ,4080000.0,"60,942Ԫ/ƽ", VRװ  ʱ 
齭Ҽ  ķ      ͨ,齭ʳ,,42 ,144.75,   , װ ,28, 2017 , ,1, 1ǰ,1490000.0,"10,294Ԫ/ƽ", VRԴ  ʱ 
԰ ƽ22 ȫ  ס,ϴԷ,,21 ,73.24,  , װ ,9, 1999 , ¥,2, 1ǰ,2800000.0,"38,231Ԫ/ƽ",VRװ  ʱ 
֤5 ¥ ԭװ ʮʵ,԰,׶,32 ,67.4,  , װ ,9, 1995 , ¥,10, 1ǰ,1500000.0,"22,256Ԫ/ƽ", VRװ  ʱ 
龰Ӻ԰   ߲㿴԰,龰԰Ӻ԰,ʯ,31 ,76.33,  , װ ,13, 2000 , ¥,1, 1ǰ,1890000.0,"24,761Ԫ/ƽ",VRװ  ʱ 
 ȫװ޵3 ϻ ¥,ž,,31 ,73.76,  , װ ,9, 2000 , ¥,5, 1ǰ,2290000.0,"31,047Ԫ/ƽ", VRװ  ʱ 
ݱվڣϱ.,ʱ,·,32 ,116.14,  , ë ,25, 2010 , ¥,0,29,1785000.0,"15,370Ԫ/ƽ",VRװ  ʱ 
¶л԰ 32 ,¶л԰,,32 ,116.5,  , װ ,9, 2005 , ¥,1,27,2050000.0,"17,597Ԫ/ƽ", VRװ  ʱ 
ɽˮ  104     װ  5Ψһ,ɽˮ,ֽ,32 ,104.57,  , װ ,24, 2015 , ¥,1,26,980000.0,"9,372Ԫ/ƽ",VRװ  ʱ 
ױ԰   ͨɹ ȫ,ױ԰,ɳ,31 ,94.95,  , װ ,18, 2012 , ¥,1,23,1380000.0,"14,534Ԫ/ƽ",VRװ  ʱ 
һ¥԰ʵòɹá,´庣,´,31 ,74.2,  , װ ,6, 2003 , ¥,2,28,2400000.0,"32,346Ԫ/ƽ",VRԴ  ʱ 
 еͲ  Сſ,Ȥ԰,Ӵ,32 ,95.95,  , װ ,6, 2005 , ¥,0,21,2280000.0,"23,763Ԫ/ƽ",VRװ  
ͥһ  ڽ ϱ  װ ס,ͥ,,32 ,133.91,  , װ ,17, 2004 , ¥,0,20,5300000.0,"39,579Ԫ/ƽ", VRװ  
и߲ װ ʱɹ,ɭԷ,,22 ,70.55,  , װ ,17, 2016 , ¥,4,19,1020000.0,"14,458Ԫ/ƽ",VRԴ  ʱ 
Ұ  ɹ ҵ,԰ͨ,,32 ,105.5,  , װ ,11, 2000 , ¥,0,24,3150000.0,"29,858Ԫ/ƽ",VRԴ  
ɹͨãȫƷƶƣס,˳,˳,32 ,99.05,  , װ ,55, 2019 , ¥,2,21,2720000.0,"27,461Ԫ/ƽ",VRװ  ʱ 
ͷ в㿴԰λð ˰,԰,,32 ,124.51,   , װ ,23, 2006 , ¥,0,24,1480000.0,"11,887Ԫ/ƽ",VRԴ  
´  ǰ  װ  ס,´,ű,32 ,73.89,  , װ ,7, 1998 , ¥,1,22,1300000.0,"17,594Ԫ/ƽ", VRװ  
´B  װ ޵Ѻ,´B,´,62 ,197.91,  , װ ,1, 1995 , ,4, 1ǰ,8800000.0,"44,465Ԫ/ƽ",VRԴ  
жȦ ˶ֵݴ˫̨,·˶,·,32 ,92.58,  , װ ,8, 1990 , ¥,1, 1ǰ,4450000.0,"48,067Ԫ/ƽ", VRװ  
ɳ齭忴ΨһͷȨ,ɳ齭,ɳ,32 ,137.46,   ,  ,18, 2012 , ,2,30,2150000.0,"15,641Ԫ/ƽ",VRԴ  ʱ 
¿԰ 32 ,¿԰,׽,32 ,132.32,  , װ ,7, 2005 , ¥,1,27,1450000.0,"10,959Ԫ/ƽ",VRԴ  
ƷС ߲4 ¥,лԷ,,42 ,135.68,  , װ ,33, 2009 , ¥,0,28,7600000.0,"56,015Ԫ/ƽ",VRԴ  
ǰ칫 ʺϳ 2 Ȩ50꣬Ͳ㷽,ó,,31 ,109.0,  , װ ,13, 2016 , ¥,1, 1ǰ,580000.0,"5,322Ԫ/ƽ", ʱ 
ͥ ߲ϱ ԰,ͥһ,׽,32 ,114.94,   , װ ,27, 2009 , ¥,5, 1ǰ,1800000.0,"15,661Ԫ/ƽ", VRװ  ʱ 
